{
  "model1_unadjusted": {
    "tohoku_mean": 432.849853610449,
    "non_tohoku_mean": 282.5037187346291,
    "t_statistic": 6.420450022590017,
    "p_value": 7.40352188928316e-08,
    "cohens_d": 2.806382381237423
  },
  "model2_adjusted": {
    "R2": 0.813620248363206,
    "R2_adj": 0.790891010358719,
    "tohoku_coef": 32.58355902187501,
    "tohoku_p": 0.15008011156412815
  },
  "model3_core_neuropathic": {
    "R2": 0.8108268864247363,
    "R2_adj": 0.7877569945253139,
    "tohoku_coef": 15.6934853727596,
    "tohoku_p": 0.2291673759463948
  },
  "model4_nerve_blocks": {
    "R2": 0.14517541822922764,
    "R2_adj": 0.0409285180132799,
    "tohoku_coef": 0.07825538324405873,
    "tohoku_p": 0.8631212848549996
  },
  "model5_integrated": {
    "R2": 0.8318851893928232,
    "R2_adj": 0.8066679678017467,
    "acute_pain_coef": 1.9008150766580538,
    "acute_pain_p": 0.0435283274558973,
    "tohoku_coef": 31.457688916073813,
    "tohoku_p": 0.14878695690323784
  },
  "adjusted_cpsp_test": {
    "tohoku_mean": 12.378604541446768,
    "non_tohoku_mean": -1.8115031036206906,
    "t_statistic": 0.9993506770309523,
    "p_value": 0.3229685280700284,
    "cohens_d": 0.43681675316055063
  }
}